,med_exp,med_model,scale,med_ratio,scale_ratio,rate,rate_L95%,rate_U95%,beta,beta_L95%,beta_U95%,s,s_L95%,s_U95%,model type,lambda,lambda_L95%,lambda_U95%,scale_ratio_log2,lifespan_ratio_log2,shape_ratio_log2,med_exp_U95%,med_exp_L95%,inverse_eta,model_type,shape_exp,shape_med,med_model_L95%,med_model_U95%,shape_med_L95%,shape_med_U95%,shape_eta,scale_ratio_log2_L95%,scale_ratio_log2_U95%,lifespan_ratio_log2_L95%,lifespan_ratio_log2_U95%,shape_ratio_log2_L95%,shape_ratio_log2_U95%,rate_overlap_wt,med_exp_overlap_wt,shape_med_overlap_wt,yield_mean,yield_std
zapE,94.40604041666667,93.1356265572224,18.626476448491808,1.3616319672108537,1.3583775509859557,0.053687019268798444,0.05028806456202715,0.05731570827135743,559.4146569846145,379.8467537781085,823.8710883706113,2.968510922944432,1.7244015808683437,5.1102116800443795,GG,0.0,0.0,0.0,0.4418845217267538,0.46370077327794607,0.0034522911465362876,94.40604041666667,90.93237430555556,188.43538332225307,GG,5.068378910940548,4.999278017009848,92.27116793236692,94.07023096276023,4.691507306006363,5.330582868661548,4.879869252780293,0.34752724322878015,0.5362418002247273,0.40961562532087903,0.46370077327794607,-0.09395754861269244,0.09028423144439332,-1.0,1.0,0.0,,
yihV%202,96.47505361111112,98.30000000000001,14.90637096538577,1.4371345029239766,1.08708051906878,0.06708540947505666,0.055059880876943246,0.08173741193691214,2099468.111145784,9.712218454465565e-10,4.5383723300533793e+21,1299.646477360371,5.646206276406154e-13,2.991532514802716e+18,GGM,0.002738760345214918,0.001856105566293783,0.004041153889484384,0.12045880343699905,0.4949775427174469,0.4027362880176837,99.55973069444445,93.64470999999999,1606.5875336358536,GGM,6.472068475629433,6.966101617793566,92.5,322.8999999999959,5.2107322531676346,20.91666760373606,7.016252327908872,-0.1645387341567015,0.4054563410306993,0.45201910101431203,0.5403839301312896,0.05747706503598313,2.062572057269586,0.0,1.0,0.0,,
norW,101.18909555555555,101.2,9.051792465405013,1.47953216374269,0.6601222574324077,0.11047535654644022,0.10198023152293924,0.11967813979043347,37321.261743508614,19009.73246913338,73271.76120911386,0.6095060227641216,0.5236367228979234,0.7094567197842554,GGM,0.00036867040553901614,0.000276337625818386,0.0004918543666204553,-0.5991948524507266,0.563803526340233,1.1643359122591388,101.24029819444445,101.14813152777778,60988.5907749764,GGM,11.17890141011181,11.18716192308285,100.5,101.9,10.315000485463814,12.072495842726866,10.65195282348746,-0.7146299212905545,-0.48375978361089844,0.5632193669011699,0.5645333590331278,1.042662923417615,1.269643000999976,1.0,1.0,1.0,0.3083744520164864,0.004422564177084402
norV,111.93116402777778,112.0,5.975766863326091,1.6374269005847952,0.4357961947078395,0.167342539103576,0.14895908845211836,0.18799474194307625,21966986.669243027,3831852.7960776105,125930856.16980138,0.32899585727498154,0.2651945955545912,0.40814660599604413,GGM,0.0003176426792593108,0.00022676291367326948,0.0004449443255629104,-1.1982744957261018,0.7093614665024675,1.9097049977851703,113.11088083333334,110.61090152777777,66849441.96559909,GGM,18.730845193227182,18.77062054842682,110.9,113.0,16.652470858049202,20.96244890634952,17.651440614916755,-1.3661625767009808,-1.0303864147512227,0.6922432780497856,0.7244874148718704,1.7336552914816574,2.065726301678734,1.0,1.0,1.0,0.26639727167766036,0.003897466607531198
yncI,84.27427222222222,84.01237765863738,24.304664833126612,1.2282511353601955,1.7724721680374624,0.041144364954871816,0.039432525389497965,0.042930518672551,12966.909426798531,0.010748433302963491,15643278917.350483,298.7137861413338,0.00023604934150365785,378013873.9743428,GG,0.0,0.0,0.0,0.8257629739530409,0.29991386564910527,-0.5291574012774891,85.28658791666666,83.00793277777777,43.40224087822384,GG,3.467411412617327,3.469139683727069,82.80016535256229,inf,3.288518556062584,inf,3.4366977500456555,0.7644542266076502,0.8870717212984327,0.27807081861279603,0.3171404848509798,-0.6065712496291327,inf,-1.0,1.0,0.0,0.2907469678820037,0.01028166016016772
yecP,88.13302819444445,87.15081881793142,12.2817549300752,1.274134778039933,0.8956745109500347,0.08142158882776837,0.07321515090765715,0.09054785853818184,8196.509692186664,4564.644902736675,14718.07173737246,5.0314253358699315,2.133544551705915,11.865344405483633,GG,0.0,0.0,0.0,-0.1589535442463432,0.3645043782906442,0.5084714382654718,88.15878125,85.15953319444444,1626.2932789818465,GG,7.175931183794173,7.099938603746638,85.87820578150345,88.41290842616453,6.3484061249685055,7.88474495203835,7.028432434709815,-0.3122226920915909,-0.005684396401095526,0.3149896438646606,0.36492588177307034,0.34238536369487993,0.6550550282997439,0.0,1.0,1.0,0.11906465277777786,0.05197129251643176
pgi2,,,,,,,,,,,,,,,,,,,,,,,,,,,,,,,,,,,,,,,0.0,0.0,0.0,,
nirC,109.28074319444444,108.4,7.227740883844021,1.5847953216374269,0.5270992067719859,0.13835581768506308,0.10862659316143361,0.17622141807259262,3693519.8806513827,270614.51094126154,50411521.027887896,0.9453526336927834,0.40704638294672135,2.1955522502379243,GGM,0.0006439966542915095,0.00044819028727491745,0.0009253473413275104,-0.923853573920246,0.6747888973611489,1.5881501003882197,111.25041055555555,107.33033499999999,3957718.271875387,GGM,15.119626581898753,15.078178979324324,105.7,109.7,11.51695922953752,18.856572796829667,14.824665667141499,-1.2728595462813677,-0.5748476015591248,0.6488075828170442,0.7005603573058203,1.2016788931281943,1.912986522697838,1.0,1.0,1.0,0.3794884817672543,0.033216475152106684
80%20MG%20yagS,81.37058680555556,79.64155581799658,18.972887244100203,1.1643502312572598,1.3836403348235145,0.052706790860782636,0.05120578525702555,0.05425179574726142,135978.2821780357,0.011180968772984919,1653711194397.0972,1457.002714783999,0.00011699974496729131,18144115711.375412,GG,0.0,0.0,0.0,0.46846897577757207,0.24932899700505057,-0.24894389614143075,81.37394263888889,81.3616548611111,93.41752600570943,GG,4.288782500979576,4.214039269850704,78.74439630718564,inf,4.0472151945027885,inf,4.185891530105394,0.4267869377762197,0.5101510137789247,0.24917062553746083,0.24938849447787195,-0.3070794999997228,inf,-1.0,1.0,0.0,,
ssuE%202,91.65120388888889,91.0,6.346902877279282,1.330409356725146,0.46286212052105175,0.15755716123840682,0.11598141094660099,0.21403653270725137,2592602.4172408925,52984.950697255365,126858423.10751642,0.5311532028757734,0.30763686492501763,0.9170673514500819,GGM,0.004417040315162241,0.0037458286606879805,0.005208525779763024,-1.1113455939825938,0.42097543372737267,1.5232158141827543,92.70036736111112,90.63677805555555,4868800.333717205,GGM,14.440303508815765,14.431563747160247,86.30000000000001,93.2,10.07946777692557,18.998113875534422,15.03184550239939,-1.5533273284662497,-0.6693638594989375,0.40491817957972354,0.4373966583462295,1.009338496955485,1.9237752298251865,1.0,1.0,1.0,,
yoaF,118.4368751388889,115.90382787820714,19.32194485181424,1.6945004075761276,1.4090961433673792,0.0517546244785035,0.044954644126160334,0.059583191169167715,1127.3496886680948,591.6340774934368,2148.147594750657,2.29362624213024,0.7710479034583271,6.822820365625717,GG,0.0,0.0,0.0,0.49477005084360937,0.7908680289225846,0.2660899329880279,119.84543277777777,114.34103055555556,490.99030529411164,GG,6.129655997220602,5.992192676207944,114.1969556287403,118.1672681593881,5.24148173394575,6.938928557687255,5.8328454908472755,0.29155243584736956,0.697987665839849,0.7400928955849395,0.8079246271101601,0.06596564964900373,0.47070385237685497,-1.0,1.0,0.0,0.2812998531504067,0.019489852943002327
ycaL,65.80312472222222,64.1442962669507,15.120805183376673,0.9377821091659458,1.102718615124551,0.06613404430997946,0.05909181344766371,0.07401552874440086,69.53274891623369,51.27577291462272,94.29020562787493,1.008197977350821,0.7737566540881143,1.3136729179178512,GG,0.0,0.0,0.0,0.1410646999463296,-0.057022304458653396,-0.23374003898222506,68.27740652777779,63.255179999999996,69.0485733156872,GG,4.3518267661145495,4.247235090496689,62.4231434042714,65.90069630591643,3.7741534132776797,4.740169998785277,3.8889759284679197,-0.021370155830949145,0.3034995557236084,-0.11399477005257726,-0.003770138166322984,-0.40785599322520316,-0.07907026053976714,0.0,0.0,0.0,,
ulaD,123.59926708333333,118.7,8.897178580164967,1.7353801169590641,0.6488466932449684,0.11239518134764229,0.0773937610771573,0.16322603546266887,8096150.801226339,133987.48216198318,489207325.4795141,1.7921483985120341,0.3981747206730357,8.066297822373912,GGM,0.004504932810006846,0.0038932850084485745,0.005212672480600965,-0.6240504502874418,0.8524198855346243,1.4193021550434506,123.67169833333332,116.309155,4631152.660958817,GGM,13.891962038266923,13.48225646485092,108.7,122.5,8.411194410606907,18.92597910722846,14.981803740866951,-1.1623414587830463,-0.0857594417918377,0.7647143567415327,0.8532650814757897,0.748301620732452,1.918286972106694,0.0,1.0,1.0,0.31166149459807135,0.00950135600921318
nagZ,110.41738736111111,109.40085248812849,21.622707099826588,1.5994276679550947,1.5768843880468504,0.046247678210838826,0.04312048677235147,0.04960166037051115,330.3129991658001,258.07355791810323,422.7735623055565,1.788722601942333,1.2224078761169919,2.6173985043868737,GG,0.0,0.0,0.0,0.6570768903721295,0.6897170674789205,0.020478859541874127,112.28380527777777,109.83250430555556,184.88928930571277,GG,5.106547799558209,5.060750906338042,108.30993085743637,110.54683158145741,4.724039644415459,5.417899334115845,4.861017024236552,0.5560694153444481,0.7580843653998106,0.6820547720665735,0.713899559598178,-0.08398798862638748,0.11372452757210126,-1.0,1.0,0.0,0.28258331388311536,0.004255709414914771
sspA,91.78089416666667,91.2,9.444402689036973,1.3333333333333333,0.6887542381263416,0.1058828210661534,0.09180836288625607,0.1221149298873447,5331.0879993176995,2080.162051243346,13662.637119777184,0.42367336350799634,0.32568185835603913,0.5511486573192798,GGM,0.00121176720445972,0.001003899543149811,0.0014626759896682214,-0.5379388038096737,0.42301546438461535,0.9529763030885176,92.77383180555556,90.77508458333332,12608.77222260934,GGM,9.71801999434073,9.670405853278872,90.0,92.2,8.342823277983975,11.049717831816247,9.075749551661898,-0.7437098615919107,-0.3321677460274368,0.4071179715613947,0.43853953207961693,0.7365266252207578,1.1419285633828768,1.0,1.0,1.0,0.3516201412879005,0.009132824425439785
nagK,80.22639333333333,81.33254094779963,19.503800260270868,1.1890722360789419,1.4223583567041838,0.05127205911952423,0.04690584843718789,0.05604469664110807,284.44527520018136,192.13880753982835,421.09720373347955,3.4305409887031626,1.9067975288147012,6.171925071923104,GG,0.0,0.0,0.0,0.5082849911927002,0.228898543003011,-0.25844862979518557,81.96118111111112,79.20184444444445,82.9476381535774,GG,4.113372381932871,4.17139002488522,80.1565491928769,82.5876071248577,3.8165233231812206,4.556626188961532,4.068939938849955,0.3798799685321348,0.6366900138532654,0.21035563027669976,0.25976237686945575,-0.39175005277329683,-0.1360430392641595,-1.0,1.0,0.0,0.328624513075068,0.011603614309666114
ydjQ,,,,,,,,,,,,,,,,,,,,,,,,,,,,,,,,,,,,,,,0.0,0.0,0.0,0.28935955558983,0.005656856577012886
MG-WT,68.45606652777778,68.4,13.712297022997832,1.0,1.0,0.07292724175408624,0.06154093240983594,0.08642024716884067,153.7637447675589,85.21132630905477,277.4665086093209,0.9567169814340144,0.7035788473505795,1.3009307855273435,GGM,0.0006559082904834664,0.0001852278074730789,0.0023226301244615825,0.0,0.0,0.0,69.61785166666667,66.90610652777778,160.4169627900643,GGM,4.992312113205061,5.007217281466401,66.0,69.7,4.128445686859516,5.771532983855366,4.72021672950215,-0.2449115274866065,0.24491152748660694,-0.03304050594100328,0.02427889695031661,-0.2784103351046264,0.20494550515185364,0.0,0.0,0.0,,
lsrC,96.22941166666666,97.8053914748215,22.80398055821467,1.4299033841348172,1.6630314031244038,0.0438519931836975,0.039883655651864976,0.04821517172268365,337.4333832556096,231.21948736839335,492.4381133754363,3.586988774701971,2.018761787379371,6.3734555261918295,GG,0.0,0.0,0.0,0.7338154113817024,0.49129951059173654,-0.21789774125812852,96.35418097222222,95.01267930555555,94.15529717051363,GG,4.219851504477887,4.292019360052143,96.16161710663314,99.51715524695041,3.891955101715369,4.717423843346845,4.19363889728237,0.5969706432780506,0.8706601794853541,0.4729416541176509,0.493168871123425,-0.36351399356391073,-0.08600983300839815,-1.0,1.0,0.0,,
yfbM,112.49484194444445,113.2,4.3906491795467195,1.654970760233918,0.320197934174184,0.22775675284155536,0.18424601618173317,0.28154279555094247,31004690222.426556,235570142.50171942,4080698876266.1914,0.2753411328351372,0.20774754410625978,0.36492724742950317,GGM,0.0015473198165354,0.001303878681754855,0.0018362127152971451,-1.6429640948604074,0.7166085503823634,2.3697698228063917,113.59583305555556,112.13630111111111,113946087126.92326,GGM,25.621459912690668,25.893360250295544,110.60000000000001,114.30000000000001,20.505278275177567,31.32836674220512,25.09247833297073,-1.9488244991971488,-1.3371036905236662,0.7120030846002068,0.7306596117266478,2.033914356769317,2.6453885932041086,1.0,1.0,1.0,0.2669214376350035,0.008188653068015618
ptsH,77.94508944444443,78.11330815197499,7.943546084937547,1.1420074291224414,0.5793009057209658,0.12588836135742795,0.1025513180809577,0.15453608809540093,391.30613213446895,150.89344999513028,1014.7590173793498,0.17777470704860268,0.1370347610626349,0.23062649375344432,GG,0.0,0.0,0.0,-0.7876151742620303,0.18727973796844222,0.9791872101845395,82.26605416666666,76.08999833333334,2185.7167074182,GG,9.812379586019263,9.840822707666131,75.56383306733721,80.68051482038891,8.040348773247054,11.896558291819307,7.323845983794344,-1.0834140485675454,-0.4918162999565161,0.15252843306839797,0.2651188495625959,0.6832490232142925,1.2484632924076233,1.0,1.0,1.0,,
osmY,97.26096430555556,97.08591581094305,18.796449362180784,1.4193847340781147,1.3707732067541982,0.05320153720159725,0.049730402764799835,0.05691495349433108,217.1717306191946,183.73794163658914,256.6892834438066,1.1772883568835957,0.9419471307559412,1.4714285228952957,GG,0.0,0.0,0.0,0.45498989820942676,0.5066824976676206,0.05027579669583682,99.12175180555556,95.99834777777778,184.3928776111759,GG,5.174432810765237,5.165883110941937,96.05931262791309,98.15336104261411,4.836859995285092,5.507715825895581,4.858349344157538,0.35765008227322026,0.5523297141456331,0.48783117814958915,0.5340232870900736,-0.04993828155036605,0.1374450640310643,-1.0,1.0,0.0,,
flgD%202,106.10430430555556,106.2,7.519111416750571,1.5526315789473684,0.5483480560652788,0.1329944383816773,0.10192339376138286,0.17353739890046,779631.1062326799,35322.45709863172,17207881.66316826,0.46249492964996003,0.2809510395251479,0.7613481705333759,GGM,0.0019036134942891376,0.001496610193247946,0.002421301386285125,-0.866836180966319,0.6322328800056749,1.501551716884575,109.18044388888889,104.55579833333334,1691179.4556636496,GGM,14.111282360995945,14.20934299711249,102.4,108.2,10.51746380336288,18.012780722725232,13.974424678726248,-1.2507168755356028,-0.4829554863970347,0.6110227685759908,0.6734641648278451,1.070705887266931,1.84693994875426,1.0,1.0,1.0,,
pfkA,89.413955,91.82359472892927,27.005009018547458,1.3424502153352231,1.9694008212668899,0.03703016722983445,0.03275524323288996,0.041863016412976364,143.5295013327444,74.92640598102024,274.94602848086276,3.783748882265784,1.5567516748414132,9.196557058791038,GG,0.0,0.0,0.0,0.9777567648731439,0.3853216152893745,-0.5528881779069736,91.91584916666667,88.51064138888887,37.9305506994485,GG,3.3110137063308924,3.398655323238451,89.92670589325047,93.87317680019356,3.0091989437640168,3.8529996680645224,3.306573622945285,0.8007815618595742,1.1547319678867134,0.3706725190922321,0.4251352509495634,-0.7346295715042905,-0.37802699888349756,-1.0,1.0,-1.0,0.34706908805446074,0.017591982662057727
dnaT,110.50278819444445,110.7,7.575577659568921,1.6184210526315788,0.5524659834062375,0.13200313493412247,0.04830492861527714,0.36072566779293985,9057.589587004448,1.7657480468285172,46461854.66491922,0.08186567126409612,0.023716135706873073,0.28259191186778276,GGM,0.0016666546170482411,0.0009741409361848097,0.002851474062271868,-0.8560424576809322,0.6908324691353345,1.5506294495765864,115.19796819444446,101.98007388888888,111203.84232028225,GGM,14.586714460628006,15.17893768134503,57.5,123.4,2.7769689681460195,36.93492771559265,11.252620266203792,-2.306372348392439,0.594287433030575,0.5750369855067974,0.750864968586972,-0.8504980050609666,2.882904788486646,0.0,1.0,0.0,0.22177682266858123,0.01644708047263385
yjeL,120.05405069444444,119.4,6.862072281354045,1.7456140350877192,0.5004320041963205,0.1457285727982272,0.12958553294494962,0.16388262213521942,24495997.427791458,4292073.842120788,139805118.00464913,0.634598752720641,0.5031747930053948,0.8003492673971758,GGM,0.0009214176368275218,0.000748172986367298,0.0011347782891482441,-0.998754037560176,0.8104337789042855,1.802488643939083,121.09826805555556,117.68393499999999,38307647.10726518,GGM,17.495305466347407,17.422513223592972,118.30000000000001,120.4,15.405251123541484,19.457431821434064,17.09464721467496,-1.1681331465698044,-0.8293749285505472,0.7816670890673054,0.8229279289244413,1.6213412344733613,1.95824033624346,1.0,1.0,1.0,,
gspF,113.81768763888888,112.7,6.908747097653571,1.6476608187134503,0.5038358698084237,0.14474404488472759,0.11952507217992253,0.1752840483380297,30608995.37765286,2754445.848353522,340144860.20453686,1.361551652566611,0.644166587143444,2.8778625585466098,GGM,0.001962300278762901,0.0016519116142637924,0.002331009934662313,-0.988974258737032,0.7334744717027262,1.7093935440233552,114.81818722222224,110.81724305555556,22443913.434332494,GGM,16.474432488279238,16.358492896396946,110.60000000000001,113.9,13.253618500220687,19.545250745687422,16.560017162581357,-1.265164975343117,-0.7127835421309467,0.6949320779363853,0.746100880411074,1.4043053320550565,1.964737127350331,1.0,1.0,1.0,,
yfjO,129.1612825,127.7,12.116664113151808,1.8669590643274854,0.8836348930328829,0.08253096649882112,0.07263391869980312,0.09377657922300696,50070.171242508775,20795.775841866674,120554.38889694806,1.1186443133685404,0.7154659717372255,1.7490211264601854,GGM,0.00045507083860478334,0.0003307726653823975,0.0006260779375739828,-0.17847770583250205,0.9159233684319419,1.079168000649328,130.31088902777776,127.9635561111111,44905.77481889396,GGM,10.65980547895227,10.560249170323637,126.5,128.9,9.249568622895666,11.914668903860218,10.345840886643163,-0.36276982379625755,0.005814412131253555,0.9024826877958898,0.9287073404409667,0.8853770228607215,1.250657895399105,0.0,1.0,1.0,,
bipA,83.73178569444445,84.90189573362372,14.541162640262066,1.241255785579294,1.0604468832518785,0.06877029194564993,0.06292809761984448,0.0751548709268229,228.69296135549018,178.04338776519097,293.75126608194614,0.7565636042214909,0.6101238774060508,0.9381512647335317,GG,0.0,0.0,0.0,0.08467235949339617,0.29059699513735454,0.227128082777557,84.88867694444444,82.48813444444446,301.75952252882325,GG,5.75825934733754,5.840376883545343,83.71261388915275,86.12242166503825,5.3609458140693595,6.344906521296635,5.347887047044081,-0.04340878124747194,0.21275350023426443,0.26900821118889423,0.3103937319310351,0.0984784924952026,0.34158984858686803,0.0,1.0,0.0,0.3253901977016567,0.00502813477629365
gspL,95.91589930555556,93.80000000000001,18.98106912535326,1.3713450292397662,1.3842370168556597,0.05268407134476355,0.04218387189770473,0.06579792817954105,8619.524142826824,2.7442017521108326,27073882.738988142,31.602080432591816,0.00405173033172506,246485.18186125226,GGM,0.0021567007426274683,0.001471902434855442,0.003160099462507303,0.46909099049334413,0.48659158274560516,-0.013499392863865391,97.77044541666666,93.33299680555555,272.8782839690258,GGM,5.053240082111046,4.9479521921651415,89.9,234.1999999999952,3.8124157188805707,15.015012149127966,5.247785956427506,0.14841567203460615,0.7897663089520823,0.44720882171302506,0.5142200276013897,-0.39330361635388406,1.5843246765207777,0.0,1.0,0.0,,
paoB,102.64218,102.80000000000001,10.161857247106877,1.5029239766081872,0.7410762201302764,0.09840720802141796,0.08291503536325825,0.11679399940124542,49262.16244407314,14546.717395926837,166825.31066051757,1.3929668344912445,0.8216406608842651,2.3615635086806797,GGM,0.0011182455425596037,0.0008149648583069872,0.001534388974822991,-0.432306162681594,0.5843734141565502,1.0200781969895745,103.8242361111111,100.91195222222223,35572.95515094008,GGM,10.100730359031825,10.150073976809589,100.9,104.30000000000001,8.433713426052714,11.901824748728306,10.112868575907935,-0.6794364190884581,-0.18517590627472957,0.5598467575095907,0.6008929542777675,0.7521589397012615,1.249101814056489,0.0,1.0,1.0,0.32308737044827046,0.007550652203304951
yagQ,78.75760305555556,78.8590096591943,9.436024815026778,1.152909497941437,0.6881432628830149,0.10597683024397198,0.09720093139435836,0.11554507130177065,2864.271348453381,1788.3408708403153,4587.520472937574,0.758119546963069,0.6275935236457978,0.9157921900606876,GG,0.0,0.0,0.0,-0.5392191474966361,0.20224080652166365,0.7444984150434597,80.25919444444445,77.25520333333333,3779.958713961355,GG,8.34648112944074,8.364317922333175,77.94714142597692,79.78515639520107,7.6701579037642995,9.071200938997865,7.871337042446006,-0.6639259866394744,-0.41451230835379826,0.1744537076954271,0.22948827821412696,0.6152472178696444,0.8572845016319128,1.0,1.0,1.0,0.3233086761925264,0.018997555211035327
80%20MG%20pgi,81.36060166666667,81.9398107957694,11.57305836384291,1.1979504502305467,0.8439912251341216,0.0864075829017027,0.08033935016337442,0.09293416448765841,373.40371848926253,278.72175329070865,500.2492103161452,0.4840119679581248,0.4271562862851886,0.5484352979187793,GG,0.0,0.0,0.0,-0.24470009538771748,0.24915195029985632,0.5052683318240679,82.39173,79.89528472222221,771.535318854967,GG,7.03017293344491,7.083118469751231,80.98339890484206,82.91171620241195,6.599362955875857,7.578922199094461,6.28373768503445,-0.3497512284659594,-0.13964896230947543,0.22293196261341464,0.26732113763097287,0.39831770558173035,0.597983636275661,0.0,1.0,1.0,,
ybdG,119.30273666666666,116.30000000000001,5.127217632499277,1.7002923976608186,0.37391383981108844,0.19503755675620643,0.15006759868956712,0.25348342265487994,138641022.63920993,1509069.5042978034,12737208659.842306,0.15588750521628886,0.1089181092784038,0.2231117896147399,GGM,0.0005378103747564834,0.00039539234064619994,0.0007315265609925493,-1.4192222236984924,0.8013768343003567,2.185005090285813,120.41759861111112,115.378815,882875276.8595688,GGM,23.26851427379575,22.777505686014788,112.80000000000001,118.30000000000001,17.094895451496,28.899723302567924,20.232181580334373,-1.7973616659539045,-1.0410827814430803,0.7531280484983237,0.8147959494770073,1.7714846338969832,2.528974714151017,1.0,1.0,1.0,,
ybiT,112.25813125,112.2,6.193506251692771,1.6403508771929824,0.45167532772264324,0.16145943175994795,0.13217761169613812,0.197228167234368,60609489.28231216,3516937.172975395,1044519708.5948665,0.8137723603015676,0.44130903785802006,1.500593456243329,GGM,0.0002527322056577058,0.00013711853021501988,0.00046582739529403333,-1.146641984619416,0.7135696453443969,1.8606464303423111,112.60705458333334,111.31368319444444,74547575.9660539,GGM,18.125134082058658,18.165656571168483,110.0,113.30000000000001,14.59950147141534,21.843381003265797,17.7604351818715,-1.4353358708242756,-0.857948098414556,0.7013806434828951,0.71804690904177,1.5438381405917307,2.1251152137722404,1.0,1.0,1.0,,
fruR,71.74174055555557,76.87856200900458,24.138846232142228,1.1239555849269676,1.76037947483615,0.04142700071010204,0.03588303840492498,0.047827510270123746,177.8852531262951,65.31817386029952,484.44653929675826,5.697866792623576,1.573925711925824,20.627203520779968,GG,0.0,0.0,0.0,0.815886455824461,0.06763434977758419,-0.6473014297599755,73.74604708333334,69.74171055555556,31.239064049616346,GG,2.9720451369389567,3.1825748774126037,74.78154295926068,79.12002779495677,2.7539885998030975,3.705112792951903,3.1203041757003174,0.6086171379581518,1.0231557736907706,0.026843351788877035,0.10738732271162361,-0.8624864731758424,-0.43449159812785315,-1.0,1.0,-1.0,0.2766940305407723,0.0121020450221172
ldcC,103.36846055555556,103.97589084883973,21.299781334567417,1.5201153632871303,1.5533343026951716,0.04694883878348084,0.042220580445877884,0.05220661203231935,398.3150584840936,289.78216962499056,547.4970596724548,2.436554953026606,1.4493392908419889,4.096211340320128,GG,0.0,0.0,0.0,0.6353683544758332,0.5945457595652659,-0.03118753888154534,104.85443805555556,101.39152777777778,163.43330177995892,GG,4.8530291899193765,4.884397930534268,102.25164987897276,105.8193467931692,4.385819146356315,5.409958687665219,4.738680736356251,0.4822252921830228,0.7885114167686429,0.5666868036795707,0.615137623186456,-0.19116273832936778,0.11160851657778974,-1.0,1.0,0.0,0.23436133946220614,0.005588705374231113
tyrB,112.51968986111112,112.93162032028378,19.073385025452957,1.6510470807059032,1.390969360819976,0.052429078460143545,0.04658093962697884,0.05901143880291817,564.8132659402028,389.80471045193764,818.3944853107981,1.3693230708402608,0.8335404651503489,2.2494956762503344,GG,0.0,0.0,0.0,0.47609064167748616,0.7169271783928255,0.24729061856913162,114.22959875000001,110.28615055555557,413.11224021496406,GG,5.899303648039213,5.926196661419244,111.08047249426414,114.87942251542168,5.25972917402469,6.639389814011425,5.660692579001612,0.3054631954554421,0.6467180878995307,0.6880013295921648,0.7386862220635257,0.07097945577813786,0.4070415977336771,-1.0,1.0,0.0,0.2870929565224355,0.020955323663415876
yehA,94.87591833333335,95.2,13.66153364206147,1.391812865497076,0.9962979666461991,0.07319822402085042,0.05764012538924761,0.09295573116164838,4355.165017602549,1708.9118411256875,11099.146178339322,1.7865488614599379,0.4495789601269992,7.099435510687996,GGM,0.0031054613198806826,0.0025479630924152732,0.003784941013463976,-0.0053508157323282225,0.4708635471330274,0.48231606415437384,98.85322888888889,91.67078041666667,2438.076959426544,GGM,6.944748724347244,6.995814779598451,92.30000000000001,97.7,5.388885990083725,8.808995207703987,7.4330435154023515,-0.3500859872073607,0.3393843557427041,0.4212835578157865,0.530109692387922,0.10597800409337366,0.8149684078678556,0.0,1.0,0.0,,
fruB,78.56044055555554,78.80970058566695,27.40012106846604,1.1521886050536103,1.9982152532512545,0.03649618910446602,0.03459199160080985,0.038505207636491234,79797.9697597711,0.03910776799793463,162824837718.11362,3344.077449985941,0.001632726859708889,6849188475.7125435,GG,0.0,0.0,0.0,0.9987120025853607,0.19862462234601855,-0.7943351075899137,82.64094541666665,74.11705166666667,23.873996713163184,GG,2.8671566946457165,2.8942570381692443,76.97241345031068,13555.856918201931,2.686265931725994,501.06748732836934,2.8649510107349854,0.9214042533884821,1.07601975178224,0.11462709518073115,0.27167836104905924,-0.8984069265680293,6.644852058104957,-1.0,1.0,0.0,0.28179269346794283,0.006958318881549007
phnH,119.07036444444444,117.5645459027607,27.404893519081643,1.7187799108590744,1.9985632949110583,0.036489833441743315,0.03313746490499797,0.04018134605116832,125367.12973756832,4.714789471454051e-06,3333535317705121.5,1247.363781862883,4.6366662479729013e-08,33556791045365.96,GG,0.0,0.0,0.0,0.9989632639308871,0.7985640810386029,-0.21757844386218245,119.71095805555555,117.81861527777778,100.49417618261224,GG,4.344857766425453,4.381354375849639,114.17134239679623,inf,3.8541404213200727,inf,4.257840791525498,0.8599319353649091,1.1379945924968644,0.7833171993511111,0.8063049163224165,-0.37759992501236206,inf,-1.0,1.0,0.0,0.37352632814190445,0.03661792120934444
ybaJ,,,,,,,,,,,,,,,,,,,,,,,,,,,,,,,,,,,,,,,0.0,0.0,0.0,0.28135038763062714,0.010801769237127546
ybdK,99.84213583333334,100.03692045266409,19.303024682190124,1.4625280767933346,1.4077163475831729,0.051805352604799126,0.045569212385776686,0.058894907723822075,236.5839588526525,175.4033913325815,319.10426110442415,1.2387434556136934,0.7810135808776716,1.9647358079245707,GG,0.0,0.0,0.0,0.49335666269589035,0.544470399058536,0.05510765831584234,102.32818486111111,98.56049,191.61961085483767,GG,5.172357051662083,5.1888223989725555,98.17661654924382,102.0837167185678,4.579345122398653,5.85858742165173,4.896500044700589,0.30831493108484187,0.6783983943069383,0.5258310307507343,0.579953267035265,-0.12886776275550496,0.22654379425216542,-1.0,1.0,0.0,,
ytfF,128.0802473611111,127.5,12.473395383565448,1.8640350877192982,0.9096503206315807,0.08017063271461501,0.06886498332778367,0.09333234452797123,113318.23123605964,48214.33227448016,266332.041214762,2.58344107715839,0.9695839254184707,6.883538004478306,GGM,0.0009864570268303676,0.0007809424409954327,0.0012460552976767975,-0.13661603050152246,0.9037976963769441,1.0350450473618449,129.20294347222222,127.61476722222221,43761.18970054382,GGM,10.268274469184677,10.236465658953566,126.0,128.8,8.715847626323562,11.845734979843872,10.320022669997096,-0.3559193071786275,0.08268724617558254,0.8985449805119398,0.9163886346917605,0.7996319143522708,1.2422867490295773,0.0,1.0,1.0,,
ytfL,130.11638208333332,131.2522665508236,23.4296109544574,1.9188927858307543,1.7086569022799019,0.042681033071518146,0.03411775285160735,0.05339362741664869,65.77483039002539,44.50504552711416,97.20983905523353,0.42771622716497054,0.2419177736051811,0.7562121966234839,GG,0.0,0.0,0.0,0.7728627334257275,0.9265523107073368,0.16741137275512066,135.0763988888889,127.98249958333332,153.60309444872223,GG,5.553501606845041,5.592517653952783,127.17104836456835,136.0431734658364,4.48584501768408,7.091049395933812,4.677207568772857,0.4497902645931693,1.0959352022582851,0.9026962457146314,0.9805253201287965,-0.1586292832541511,0.5019900853880106,-1.0,1.0,0.0,,
cbpM,96.63996305555555,96.60682766518241,11.253815516751791,1.4123805214207954,0.8207097248460448,0.08885875181723539,0.08152168596402298,0.09685616386787718,7994.376117364542,5380.94296231897,11877.10963551004,1.3492467790144622,0.988368040473557,1.8418916801565746,GG,0.0,0.0,0.0,-0.2850560465442547,0.49744150538211174,0.7831848762354306,97.63355569444445,94.66574486111111,5927.475064990653,GG,8.587306492780408,8.590840120877651,95.75340670650573,97.47865035322356,7.894225291756169,9.316930068074607,8.321084052230303,-0.4093860343222304,-0.16072605876627888,0.4676640780003363,0.5121986753815492,0.6567886320180201,0.8958456040334841,0.0,1.0,1.0,0.37502964164957553,0.030337823753146132
caiT,109.33579708333333,109.7,6.5673967359058345,1.6038011695906431,0.4789421294544017,0.15226733517296348,0.12812348270934942,0.18096090482704089,9736604.076472634,822118.1700655397,115313664.62126252,0.5348694371672563,0.40785626887727666,0.7014366007003809,GGM,0.001129814193310736,0.0009295525002763709,0.0013732200290213527,-1.0620767491408618,0.675515521010574,1.7435720446581566,110.38173,109.04804708333333,18232403.742428586,GGM,16.64827046089104,16.737797445343485,107.9,110.60000000000001,13.908310430448342,19.63351908025994,16.352198152923037,-1.311148313329976,-0.8130051849517477,0.6717136304463034,0.689251099144371,1.4738662074698756,1.9712378166053335,1.0,1.0,1.0,0.25169142062765587,0.006656762570344451
yobH,100.61363833333334,100.5,13.132513902864178,1.4692982456140349,0.9577180162330745,0.07614688302609768,0.07017409837446337,0.08262803411664844,27382539.56304244,8.655958222588464e-06,8.662281559595657e+19,6595.738660912487,2.0708246263094454e-09,2.1007944337897148e+16,GGM,0.0019694176761525695,0.001637412925830917,0.002368740298769756,-0.06232715340021404,0.555575575062814,0.6174544245806071,101.6606911111111,99.66080902777779,4157.329662084921,GGM,7.661414948998432,7.797531540897247,99.10000000000001,383.0000000000075,7.012282178718452,28.6825563624244,7.9664622826610225,-0.1801735139504066,0.05551920714997838,0.5418478878432564,0.5705116408152004,0.48587499164350223,2.518092645748341,0.0,1.0,1.0,,
lysC%202,91.37530819444444,92.0,7.75721568352683,1.3450292397660817,0.5657123434911505,0.12891223356385373,0.11376780266344289,0.14607264598036904,30033.58290102999,10842.931721316336,83189.31863231689,0.3861594066046975,0.3029268941520052,0.4922609718319228,GGM,0.00018147999074732277,9.76681394431221e-05,0.00033721321230684783,-0.821859444854605,0.4166259693013898,1.2494969809130825,93.2706176388889,91.2714448611111,77708.26204646073,GGM,11.77939507193134,11.875318561057451,91.0,93.0,10.440938329660959,13.369055984285175,10.894222508122727,-1.0021563050744229,-0.6415625846347877,0.41498517219358394,0.44624427321781046,1.0601704073819975,1.4168166317471134,1.0,1.0,1.0,,
yhbW,98.31000527777778,98.4,11.28477976492887,1.4385964912280702,0.8229678620585883,0.08861493275285937,0.075827298203717,0.10355909405735436,6990.6283303337905,3041.3643654419398,16068.079513308916,1.0504578362676213,0.6173390623490327,1.7874483133746282,GGM,0.0002712694670424807,0.00012363403816498632,0.0005952011666181401,-0.2810920022161579,0.5221598532991891,0.8057539926694999,99.18568027777778,97.18445249999999,6658.73298213656,GGM,8.711734506623527,8.736823781796058,96.9,99.80000000000001,7.429383819846684,10.121532671936354,8.43738822055945,-0.5059245148193585,-0.056259489612957125,0.5055471332043704,0.5349534518556862,0.5692335005188496,1.0153468036524758,0.0,1.0,1.0,0.2696930049783016,0.002183761262215028
caiC,107.35258208333333,107.4,7.673177167746833,1.5701754385964912,0.5595836463342081,0.13032411192111729,0.11249606490816713,0.15097749562967025,339230.11441428977,70175.31296862611,1639851.1906456426,0.42707345782562844,0.33219604458909674,0.5490484951581669,GGM,0.0003968235810304869,0.0002780061433591096,0.0005664225709517923,-0.8375742941025112,0.6491065889731948,1.488500057202026,107.80040527777778,105.56662986111111,799109.2007817995,GGM,13.990629922449264,14.026345771596645,106.0,108.5,12.045884722655646,16.06268538675001,13.224741772022485,-1.0498037858726499,-0.6253448023323727,0.6249035607863859,0.6551122990750109,1.2664593920147516,1.6816321394959566,1.0,1.0,1.0,,
caiB,114.0353751388889,114.2,13.667281954222796,1.6695906432748537,0.9967171751968661,0.07316743763313004,0.06491989256217265,0.08246276631882969,16112.082694039482,9160.903115620631,28337.731058078036,2.847089647083508,1.3483753477029128,6.011619444347829,GGM,0.00020690343405731904,9.493142398401543e-05,0.00045094689648729583,-0.004743906037196256,0.7362311322315583,0.744238326514141,115.23669847222223,111.74775319444444,5674.340774014541,GGM,8.343676198445241,8.367695562363213,112.9,115.4,7.390250759668028,9.381980047161367,8.277450968460277,-0.17728502941522484,0.16779721734083264,0.7069955219397471,0.7513499301686356,0.5616142569032107,0.9058833720367235,0.0,1.0,1.0,0.2992608313974942,0.003282281138895988
uxuR,,,,,,,,,,,,,,,,,,,,,,,,,,,,,,,,,,,,,,,0.0,0.0,0.0,0.2693495373990773,0.0017982796912400126
dcp,101.84137944444444,102.77951772009322,16.563923803664608,1.5026245280715382,1.2079612756261124,0.06037216856665084,0.05592749596669828,0.06517006839731176,1859.693178061055,1265.2626139709866,2733.392007586918,2.9442618283813764,1.587249408446215,5.46144649223688,GG,0.0,0.0,0.0,0.2725742060225542,0.573073562964074,0.31491035136094336,103.78186597222222,101.30418805555556,632.3891799862262,GG,6.14838492688025,6.207129535713994,101.86484186307308,103.8268715097429,5.759319287049788,6.690252559571186,6.0852708173435275,0.16224832057762706,0.3829000914674814,0.5654435155182704,0.60030407765524,0.20188924426356034,0.4180516135866827,0.0,1.0,0.0,0.2878510482180134,0.00943550991944047
yicM,123.79777736111112,122.30000000000001,6.612842038227163,1.7880116959064327,0.48225633000337675,0.151220911405301,0.08950150928703393,0.25550143487426913,6067637.988375069,3742.713620973863,9836774727.207842,0.19228204403190027,0.08542137305119393,0.43282357958502604,GGM,0.0006688430998199446,0.00042918658210705366,0.0010423231080070624,-1.0521279199524423,0.8547351100792148,1.890484093593931,126.80978819444445,123.1717811111111,31134810.6887946,GGM,18.72081272249776,18.752945470140208,106.10000000000001,126.5,9.581228914110532,29.736548315857377,16.887324191691377,-1.8088016584548166,-0.29545418145006774,0.8474214668496897,0.8894158056595387,0.9362016511708531,2.5701562298825795,1.0,1.0,1.0,0.3189017067817054,0.008633397697209142
recF,103.86298027777778,105.08633987028851,18.6573547606306,1.536349998103633,1.3606294211202594,0.0535981661296449,0.04578220149332638,0.0627484768918282,307.587453383479,210.91283017014322,448.57414033376733,1.0707302801948553,0.6911907080422973,1.6586787403050498,GG,0.0,0.0,0.0,0.4442741901988092,0.6014312254215929,0.17523272573555265,106.86725125,100.84860555555555,286.8341412736172,GG,5.566865271648365,5.638642165847905,102.75370630847377,107.51606063127618,4.835387112738288,6.505299192904253,5.297408335064788,0.2168773890497251,0.6716709913478938,0.5589408329238694,0.642569513731154,-0.050377666594767785,0.37760635056886427,0.0,1.0,0.0,0.31243089941852875,0.020589580687461587
ygjP,108.51545319444443,108.60000000000001,10.286383301611947,1.587719298245614,0.7501575618118503,0.09721589898786807,0.0853154443889615,0.11077632055611929,279184.107811366,136954.6000671849,569121.1979458308,4.226170158345789,1.279170224325885,13.962578136701744,GGM,0.0013476370194151323,0.0011099497818721933,0.0016362231569024463,-0.4147344462513321,0.6646502021028935,1.081690319169796,108.7936186111111,106.13090833333334,66303.97090120448,GGM,10.549427336373835,10.568761064282855,107.5,109.60000000000001,9.22148293271578,12.012064935907162,10.735513905294237,-0.6031197904014318,-0.22634910210123227,0.632594568329365,0.6683436336105681,0.8809897125825641,1.2624032133745373,0.0,1.0,1.0,,
glf,115.66556986111111,114.95717270288387,13.108458111037523,1.680660419632805,0.9559636936869461,0.07628662284528984,0.06573623816966646,0.08853029907368405,3350.756154428803,1578.4966166260756,7112.822851936557,0.6424959257975708,0.45339450507143336,0.9104676171614383,GG,0.0,0.0,0.0,-0.0649722674056342,0.7567091788403955,0.8140005223770499,119.02382527777777,112.53072847222222,5219.446136840782,GG,8.823735704180105,8.78282602382497,112.98807216475515,116.85518551018231,7.57100691997428,10.069174857125972,8.193910020106829,-0.27971346555141574,0.14976893074014708,0.7170687053416667,0.7980000872184219,0.5964761262558813,1.00786449735039,0.0,1.0,1.0,0.31494508406244126,0.003446655771288964
mhpB,109.50341166666666,111.2,7.4258531362393985,1.6257309941520466,0.5415469868968702,0.13466466164269175,0.118400447588931,0.15316302822014008,523874.60360392946,124856.29938661895,2198083.7302517947,0.33479062429165185,0.26094192223715895,0.4295391141164544,GGM,0.00028901989824058955,0.00019169127512770834,0.00043576579853908193,-0.8848415773266307,0.6777255159819833,1.58593013516424,111.80527138888888,108.2895523611111,1555913.2209867458,GGM,14.74623988081205,14.992773156652822,109.9,112.60000000000001,13.124784510559172,16.96282797825648,13.891061218242688,-1.0705383546425984,-0.699144800010663,0.6616437574030625,0.7077379070259846,1.3902127703608047,1.760295744885019,1.0,1.0,1.0,0.24865736909707886,0.00438149050860574
gltL,108.50690527777778,107.97658002517477,13.042870702873092,1.578604971128286,0.9511805849157148,0.07667023792390423,0.06353450980929093,0.09252177125396611,2305.5529310796787,939.989309056504,5654.930611227383,0.6882069369662512,0.45398882287408077,1.0432609003236109,GG,0.0,0.0,0.0,-0.07220882716678688,0.6645365544854027,0.7308590246507363,112.4977211111111,106.01220486111112,3339.431980738571,GG,8.319250244033762,8.296284930480539,105.3867992987339,110.45525981227624,6.8718368219418675,9.823189102888833,7.747475010080654,-0.3433350557896788,0.19891740145610548,0.6309800645540118,0.7166454739092185,0.4566867181752856,0.9721824116047674,0.0,1.0,1.0,0.34053102143963326,0.03802012624560499
casE%202,89.25756847222223,89.0,8.468018532232193,1.3011695906432748,0.6175492346781797,0.11809138066876636,0.07014007883180559,0.19882461526307485,67023.67442689341,1088.2145005957736,4128021.572238598,0.46344352316681303,0.1576893890854652,1.362044081792092,GGM,0.005088582277529554,0.0043628668578468465,0.005935012559142559,-0.6953739334216527,0.3827961079078065,1.0751829443895151,90.84434291666668,87.87259722222223,143141.60071536532,GGM,10.540549496021674,10.670721074227092,79.0,92.60000000000001,5.629451668285464,16.701813344777825,11.505086792259426,-1.4469666444490228,0.056218777605716586,0.36023493809023577,0.40821827960948154,0.16898534413331928,1.7379237813946822,0.0,1.0,0.0,,
fixC,119.98402180555556,120.60000000000001,7.6119302877755635,1.763157894736842,0.5551170803118598,0.13137272179252055,0.11082245720543521,0.1557337065643818,5178009.501567553,607710.765318799,44119314.52992891,0.6311579879174444,0.42931140165274173,0.9279054881338085,GGM,0.000896933833173221,0.0007113705010182655,0.001130901970125622,-0.8491360110436496,0.8095919929947999,1.6672976880578363,121.18924819444445,119.96196652777778,8112634.386534685,GGM,15.762627516208969,15.878138130342805,118.80000000000001,121.9,13.272258357075948,18.583398203234598,15.542420462475084,-1.0945514962774379,-0.6037205258098615,0.8093267746414023,0.8240114069623952,1.4063329093991679,1.891933374695244,1.0,1.0,1.0,0.3444132693216878,0.04593783828144362
gltD,116.07868291666668,116.1969823133375,20.969050227730254,1.698786291130665,1.5292149953112615,0.04768933209371413,0.042677382351039635,0.05328987557947425,476.16298706516886,321.98612628749106,704.1644708889824,1.6225046198949373,0.9304424876368402,2.8293218297313083,GG,0.0,0.0,0.0,0.6127912522608235,0.7618527522472267,0.15171311932050166,118.42268138888889,114.769285,294.08080485188515,GG,5.535714858613858,5.5456195843780804,114.35566621616172,118.14045946224576,4.963112675364857,6.184450412706504,5.322235438966347,0.45259636495471733,0.7729861395669304,0.7454862911752369,0.7906951226395422,-0.012763852714948247,0.3046363337853834,-1.0,1.0,0.0,0.32829842292239747,0.004736689202660357
ybbP,112.18055375,111.7,5.332973139123233,1.6330409356725146,0.3889190213848882,0.18751266393297547,0.15339988215034125,0.22921138297082308,93886053.66953723,3416536.721857302,2579978437.593795,0.23310450082784967,0.16628566921795487,0.32677324848107714,GGM,0.0005603485471901464,0.0003954335551007609,0.000794041098151368,-1.3624582985658316,0.7125723067706853,2.0700192541632485,112.32134736111111,109.91376819444444,401854514.18345547,GGM,21.03527447513884,20.994637134344025,109.4,113.4,16.954181321101487,25.267674917906774,19.44508775907202,-1.6521489574258776,-1.0727676397057855,0.683121811916797,0.7143818439742725,1.75956015587374,2.3352119507048057,1.0,1.0,1.0,0.2530554172400101,0.01304202784253938
yhbS,116.80162,114.4,12.424573325543468,1.672514619883041,0.9060898626032798,0.08048566126163198,0.06769492895288952,0.09569316001838657,25213.558058210623,8477.625569054977,74988.39206525887,1.7392188713192334,0.9666747016083795,3.1291625583250156,GGM,0.0008843902472068268,0.0006057588518760127,0.001291183953700841,-0.14227395642260615,0.7708099811953129,0.8842927783150977,116.8232213888889,113.4815776388889,14483.32345661215,GGM,9.400855622129859,9.23336331895049,112.2,116.2,7.664609110023572,10.872337707858549,9.214339845318396,-0.3919579773791493,0.10741006453393709,0.7292078095731366,0.7710767697485325,0.6142031566778646,1.1185812080478599,0.0,1.0,1.0,0.3004474177309083,0.010554916205616303
yggE,98.73269708333333,98.75900750191457,22.96920435486697,1.4438451389168796,1.675080718886394,0.043536553750417956,0.03958837742613915,0.04787848443648334,177.29440663163138,132.02324693036556,238.08918015356392,2.018744422942207,1.2628392839998395,3.22711614755309,GG,0.0,0.0,0.0,0.7442306179174227,0.5283495401011781,-0.21431460512283895,101.18126930555556,97.22486194444446,87.95738643823694,GG,4.298481373492276,4.302337963189215,97.28060309755122,100.35363866473489,3.923070221574485,4.713516719132189,4.1266086729970075,0.6070803442766333,0.8813808915582118,0.5061468833358012,0.5636919399221609,-0.3520259012139959,-0.08720521516859045,-1.0,1.0,0.0,0.32286297644574397,0.008643745676581641
yggF,104.14258027777777,104.9,9.28891012564403,1.533625730994152,0.6774145943648218,0.10765525626513334,0.09403588325413163,0.12324714566875,272383.98614362045,95356.39226470496,778060.4335525988,1.9130592457671922,1.0936605214649078,3.34637266865335,GGM,0.0018169991254845153,0.001536432000681855,0.002148800480949578,-0.5618890259901277,0.6053097542003845,1.1788354736814972,105.32517944444444,102.847825,141853.6021662468,GGM,11.211496167916387,11.313100659693058,103.7,106.0,9.79150875914548,12.875232534157714,11.496048083783498,-0.7570245002401332,-0.3667535517401217,0.587260981566238,0.6216000709818854,0.9675221191162826,1.3625175227336976,1.0,1.0,1.0,,
citT,103.92515777777777,104.10000000000001,5.8117723137691515,1.5219298245614035,0.42383652454594806,0.17206455208694552,0.1491794458662509,0.19846038382140854,13067990.860746695,1636247.5793707536,104368304.21606016,0.36249816587948647,0.28885323421281733,0.45491933169485294,GGM,0.0005946743958873387,0.0004520957509807448,0.0007822184489830186,-1.2384201760994729,0.6022946353777308,1.8443220145129922,105.92350375000001,102.74082347222222,35901499.70634151,GGM,17.881835723598474,17.93762379506883,102.80000000000001,105.10000000000001,15.469113817492417,20.48806323172665,17.029776746739024,-1.4443213140536453,-1.0325190381453004,0.585759239241664,0.6297724468152941,1.6273095854621638,2.032702644897957,1.0,1.0,1.0,,
yphG,113.336425,113.0,10.273540814827431,1.6520467836257309,0.7492209946733922,0.09733742416798852,0.08574140652457228,0.11050173454926511,20238.449441353565,8082.460235326228,50676.99980755825,0.4880909453906506,0.3714442865834441,0.6413687855145422,GGM,0.0001813275119204389,0.00010916476853013886,0.0003011930224555855,-0.41653676753437247,0.7273612981106611,1.1407913099510245,114.44778333333332,113.21737527777779,41513.611776147896,GGM,11.031875673908418,11.008230259049272,111.7,114.10000000000001,9.674077976307109,12.403990163646442,10.267298478198125,-0.5995392810415461,-0.23353425402719807,0.725845080245701,0.7414392176507796,0.9501151058426914,1.308723321302105,0.0,1.0,1.0,,
napC,124.826135,124.9,5.690076714554264,1.8260233918128654,0.41496160016159556,0.17574455497975403,0.14587969302078263,0.2117234274727437,1558083928.1171498,42970063.03134713,56495740424.815956,0.35051672273482865,0.2557655789797079,0.4803694594357924,GGM,0.0021836871634109234,0.0019038864134950444,0.002504608254907355,-1.2689502567883646,0.86666972177815,2.137655503510424,125.04297819444443,124.60111263888888,4396931071.502437,GGM,21.937513545417698,21.99921545111408,122.60000000000001,126.30000000000001,18.002304403345065,26.114789006262423,21.837659730512677,-1.5376511794784813,-1.0002493340982475,0.8640666482518198,0.8691737421895687,1.8461006263209003,2.382786081835765,1.0,1.0,1.0,0.25722190805896233,0.008794392275675434
rph,107.19134680555555,105.60000000000001,7.461387591999433,1.543859649122807,0.544138416742682,0.13402332845867204,0.11615992677194714,0.15463381452026714,437792.82961996,95128.6263604256,2014772.7240428731,0.45824240585385995,0.3479415253030528,0.6035097487712581,GGM,0.0002695225754675477,0.00017210695506054914,0.00042207718253514827,-0.8779544071114977,0.6469381437446239,1.5044960115840533,107.41241986111112,106.15681833333333,950168.3694520232,GGM,14.366141080848399,14.172249313202894,104.4,106.60000000000001,12.239415834535018,16.190910145376655,13.397883076649736,-1.0843261000448794,-0.6715827141781161,0.6329467340365588,0.649910515746273,1.289453736709688,1.6931031209426004,1.0,1.0,1.0,,
yjfF%202,98.94117333333332,97.80000000000001,9.416151504202109,1.4298245614035088,0.68669395714005,0.106200500231303,0.08684537640424832,0.12986927705718668,65046.33501785365,13109.022914153546,322756.7551725538,0.8405337095236594,0.4716747875737282,1.49784753278798,GGM,0.0035073971085515464,0.0029790410401930186,0.00412946122967097,-0.54226082683463,0.5313926106182572,1.058098966900966,101.44715347222223,95.50242763888889,77718.54151532745,GGM,10.507602101472056,10.428014815247412,95.2,99.9,8.356907621526588,12.59475555618286,10.894354779749222,-0.8325304405782403,-0.2519912130910198,0.4803590086728216,0.5674780819016358,0.7389601275955119,1.3307421562629496,1.0,1.0,1.0,,
appB,79.15849930555555,79.4,7.510678900705557,1.1608187134502923,0.5477330959290688,0.13314375613981574,0.10487122823541681,0.16903835396324574,34755.87300020925,4370.704967810964,276378.91756662715,0.7082526379989939,0.47027405232591474,1.0666584659552811,GGM,0.001802461585492297,0.0012924443139779866,0.0025137390694812876,-0.8684550392603998,0.20956586413951578,1.0835977215174597,81.0335186111111,78.10257152777778,48782.38660857054,GGM,10.539459927932663,10.616070317271618,76.80000000000001,80.80000000000001,8.100186046604792,13.177695844934792,10.428641249616215,-1.2128208892077357,-0.5240891893130635,0.1901916521409456,0.24334038840955652,0.693945983877352,1.3960171676380158,1.0,1.0,1.0,0.2868793665824915,0.008090437825512721
appA,89.31442874999999,89.27222059422475,22.852660576807395,1.3051494238921746,1.6665815026089088,0.04375858104744598,0.040551267539544106,0.04721956997814294,437.99106484743925,164.85171596295731,1163.689269266083,6.611883409884003,2.0805206097867304,21.012530238948532,GG,0.0,0.0,0.0,0.7368918728243941,0.38371486386979364,-0.3526768853644854,90.31553861111111,88.31479736111112,66.25853141887364,GG,3.9082726691632144,3.9023134893734683,88.29465269769214,90.49414497891651,3.627350221365842,4.241118410092906,3.848591375269407,0.6270729264611234,0.8467108191876638,0.3674767874691117,0.3997958241565435,-0.4650930160745807,-0.2395642977083448,-1.0,1.0,0.0,0.32233816273104376,0.013640596063723705
intG,101.80155972222222,100.60000000000001,6.108331392331451,1.4707602339181287,0.44546376016262995,0.16371082964742623,0.1362777581039523,0.19666625072746424,1706832.010437777,164413.2302608013,17719227.99177336,0.28616081784239306,0.2150628670090978,0.3807631452470275,GGM,0.0004379414486673558,0.0002806602874998752,0.0006833624883996006,-1.1666200260139943,0.5725093625381048,1.7231821009336237,103.41995222222224,99.50501013888889,5989184.908226039,GGM,16.66601780152701,16.522502065326,98.7,102.2,13.624241771271564,19.561231127159523,15.238953205712846,-1.4312196677461455,-0.9020203842818426,0.5395907703201379,0.5952642405737962,1.444094976237919,1.965916206484043,1.0,1.0,1.0,0.2327985195391799,0.004760036634739299
yjfL,107.31011486111112,106.8363698053821,12.585283028978228,1.5619352310728376,0.917809977997894,0.07945788725588858,0.07363757519999478,0.08573823662745955,2535.4114714167918,1774.3240393349615,3622.963555068141,0.6467124945221835,0.5330978584604746,0.7845408566804709,GG,0.0,0.0,0.0,-0.12373260375078513,0.6485357655132113,0.7670672340889522,108.68580763888889,105.93510930555556,3924.368576620732,GG,8.52663500805062,8.49247667812741,105.88332408218182,107.78890544553516,7.878885947930927,9.12279586608312,7.908815381693676,-0.23348091597772358,-0.01398429152384617,0.6299305076769415,0.6669132604446883,0.6539825905329373,0.8654669747601516,0.0,1.0,1.0,,
pflD,80.41812625,80.15793342448409,15.427445313563949,1.1718996114690654,1.1250810340302229,0.06481954592448246,0.06118621253062287,0.06866863236146967,126.12662345238607,109.53855553518441,145.22672008752448,0.7825776486203726,0.6811046366844835,0.8991684142709687,GG,0.0,0.0,0.0,0.17002891538303555,0.23234232384423892,0.058820073968543635,82.37242305555554,79.39225888888889,161.22441985593412,GG,5.212666427622703,5.197859274756048,79.36888410669012,80.97713236444898,4.9140302678510075,5.4900873702358215,4.725192952112833,0.08680659919939426,0.25325123156667706,0.21381994705697585,0.26698302970378524,-0.027102316620173466,0.13282004812803969,0.0,1.0,0.0,,
pflC,85.32751222222223,85.13548899626394,9.260472141185547,1.2446708917582447,0.675340690597219,0.10798585479810943,0.0986934998802515,0.11815311900608483,7930.771931970109,4652.6137430975305,13518.668625831466,0.8564061653733942,0.6886772170152907,1.0649858917480015,GG,0.0,0.0,0.0,-0.5663126095579609,0.31783258818547655,0.882076933702731,86.03462736111112,84.31049777777778,9239.302666013471,GG,9.214164345112797,9.197144521706111,84.25186701325552,86.0112686447257,8.409268933161487,10.005823217934985,8.764864907581451,-0.696127979295587,-0.43649723982033484,0.3005338793093883,0.32973903726410225,0.7479713234371621,0.9987589025450231,1.0,1.0,1.0,0.32684848362023416,0.030222819043667772
aqpZ2,110.54117736111112,110.60000000000001,4.229832658348888,1.6169590643274854,0.3084700288547387,0.23641597216055094,0.2137168052780852,0.2615260499514387,105077135850.681,10485001407.513891,1053047496080.4474,0.5730685500329434,0.46513264465515114,0.7060514173980226,GGM,0.0002931353713661774,0.00021608091280206652,0.000397667451658252,-1.6967977718761877,0.6913335808557246,2.390080927224997,111.04415027777779,109.54810916666668,180402349433.63495,GGM,26.13369990959897,26.14568631673136,109.9,111.0,23.575507387298025,28.761821632490623,25.551942547384506,-1.8424249220675126,-1.551170621684863,0.6783142803260043,0.6978830919317704,2.235207854919555,2.522074086182,1.0,1.0,1.0,,
ykfF,78.98244361111111,79.93027624930082,13.184203068182763,1.1685712901944563,0.96148756448833,0.07584834629961706,0.06700699794726066,0.08585628087553837,191.52769694088386,130.5517454767841,280.9832879791127,0.5882987256158267,0.47049938231423466,0.7355915938908872,GG,0.0,0.0,0.0,-0.05665989646627258,0.20635360578890183,0.28140564673822505,81.45391097222222,76.66569541666667,325.1482775435643,GG,5.990687734605532,6.067640131416242,78.34271496576088,81.5465129296216,5.3832968103577565,6.789213714789092,5.422195618986205,-0.23546584976991713,0.12214605683737156,0.16340278071552308,0.2508055730015434,0.10448091056158791,0.4392354394352485,0.0,1.0,0.0,,
yajQ%202,107.25449805555556,107.60000000000001,8.537946239003729,1.5730994152046784,0.6226488694552162,0.1171241856070398,0.1037739180952615,0.1321919332516626,171434.11647273262,50069.58779135935,586976.1982713648,0.6562544624198091,0.5245847213420234,0.8209730514913733,GGM,0.00023150567019513015,0.00012333860175271633,0.0004345344812644272,-0.6835092817265465,0.6477878500925703,1.3371191293972728,107.85134180555556,106.50728722222223,261528.39448882453,GGM,12.562095737448779,12.625545690177724,106.4,108.7,11.14208892941195,14.145581530382046,12.10779073552603,-0.8581044071690855,-0.5089141562840074,0.6377018400700842,0.6557938226739204,1.1539387701663542,1.4982705220043853,1.0,1.0,1.0,,
ykfI,130.61243930555554,130.15,13.34120242828205,1.9027777777777777,0.9729370947775274,0.07495576244912508,0.06461851901982002,0.08694668973466237,51620.34759407708,23705.635786149636,112406.19360608782,2.2026378587000845,0.9412509897927698,5.154431271989471,GGM,0.0004066760947685726,0.0002653854328664167,0.0006231896162117714,-0.039581564275900566,0.9320420003718933,0.9676886457941148,130.6580647222222,129.4280884722222,23455.928442533,GGM,9.790154973487988,9.773182074076743,128.6,131.5,8.364096955683728,11.264750532550849,9.696427138125008,-0.25367327210751034,0.17451014355570926,0.9189004419918283,0.9325458732700419,0.7402007249922824,1.169734398516934,0.0,1.0,1.0,,
yjhG,75.9936598611111,73.9,21.94003208435868,1.0804093567251463,1.600026023908434,0.045578784759978196,0.03367647708523469,0.061687735772910146,141.46127744373803,75.52259311439828,264.9709469814153,3.484596141562132,0.878991233866983,13.814028857115089,GGM,0.0002769788355863063,1.495414495497965e-06,0.051301679630435644,0.6780953702740848,0.15070066200657234,-0.5665173310138316,77.25294458333333,73.17365708333332,40.68133258011874,GGM,3.463698665932577,3.252234850525736,13.100000000000001,76.9,0.7788399865713234,4.011414077577642,3.374105384643615,0.24147413605473522,1.114716604493434,0.09614596611912604,0.17441152626399087,-2.6846101998411784,-0.3198981647885445,0.0,1.0,-1.0,0.2797955151430635,0.0064874890249203435
rsd,132.98746694444446,134.0,13.711943827931211,1.95906432748538,0.9999742424579902,0.07292912022896428,0.0595478853516244,0.08931730398089847,6266.98168331136,1931.7270775783934,20331.577827337358,0.4513642650422257,0.2618650698591283,0.7779949416953779,GGM,0.0006341799276999182,0.00047271656490188057,0.0008507934998659352,-3.7160756710017404e-05,0.9580399862503544,0.9702019312159469,134.9124275,130.8041215277778,13827.606687362777,GGM,9.698658965736803,9.792440103041027,131.5,136.4,7.888097670863287,11.904810203428442,9.168013765807537,-0.2924818747804099,0.29240755326698986,0.9341576967922368,0.9787729458409679,0.6556683547635554,1.2494636544192212,0.0,1.0,1.0,,
treC,90.00822625,89.15571999374336,15.611473050716045,1.3034461987389379,1.1385016693069714,0.0640554543925074,0.058714526935260115,0.06988221572413862,86.62405431915212,68.69340605223196,109.2350375082851,0.4624059475233972,0.386702716781146,0.5529292943292705,GG,0.0,0.0,0.0,0.18713640680095073,0.39487846399662774,0.19519462838213936,91.09506944444445,88.09693694444445,187.56477215326817,GG,5.7655178315073625,5.714706426473207,87.6990992716922,90.62030304768467,5.245259725706783,6.209393260171594,4.875273602661314,0.06153247780465465,0.31274033579724714,0.36391346098459604,0.4121945719645235,0.0670051508582095,0.31044324435741893,0.0,1.0,0.0,,
uxaB2,103.28752444444444,103.0,7.941755151883436,1.5058479532163742,0.5791702979131632,0.1259167502491995,0.11726343327320739,0.1352086285618065,767859.5181070621,377190.73337450187,1563156.74638328,1.3572448423717338,1.0731795253132277,1.7165008451004662,GGM,0.0008727238015366147,0.0007392509830034777,0.0010302953276761992,-0.787940477535561,0.5934157063311534,1.3785165847202436,104.16862750000001,103.16691208333333,563975.5404134032,GGM,13.005629419329198,12.974084867377716,102.4,103.5,12.062194185293006,13.909131952459276,12.876255798974366,-0.8906574877401505,-0.685223467330971,0.5917300377839663,0.6056705432229788,1.2684114002644287,1.4739514206045117,1.0,1.0,1.0,,
agaR,79.78767388888889,79.60537478019636,13.739412726235063,1.163821268716321,1.0019774734453135,0.0727833146820406,0.06964238622906008,0.07606590157151259,421.9520524202831,368.15062137728523,483.61600987012366,1.206595383281073,1.0654134963063457,1.366485804809612,GG,0.0,0.0,0.0,0.0028500740879576648,0.22098748913361174,0.21601944246121313,80.34278166666667,78.87284333333332,349.5576046502376,GG,5.807211376403035,5.794345522574212,79.03919841563007,80.18440150256484,5.550309325777969,6.043317273519478,5.49427415670471,-0.06079204510736025,0.06649219328327582,0.20435025441944535,0.23099001418015058,0.14855911633470256,0.2713316247703929,0.0,1.0,0.0,0.27675973550809224,0.004302638457030685
yicH,121.14035000000001,120.30000000000001,14.235018578743317,1.7587719298245614,1.038120641265923,0.0702492936323432,0.05274510511207022,0.09356248784332888,21604.224916699197,5928.526048157926,78728.2590073716,2.5572541165283296,0.645893022891155,10.12481693520805,GGM,0.0014092917570853324,0.0009966008486329936,0.001992877348351589,0.053974110788745935,0.8234291818927668,0.7605943015014327,122.35750819444445,119.94204166666667,8390.4041237458,GGM,8.510024017874827,8.492331568805817,115.2,122.4,6.090812982232512,11.088354396797174,8.668502976085108,-0.35947239404969356,0.46742061562718584,0.8090871329730716,0.837852329017088,0.28262574671027807,1.1469643078427645,0.0,1.0,1.0,0.31004500587150685,0.0041724271661455386
agaV,89.35841763888888,89.99935674707297,16.376075203340324,1.3157800694016515,1.1942619953370968,0.06106469270463683,0.05490765045908255,0.06791215183921444,120.96819759406371,94.80406135640766,154.3531428906173,0.6288464868892418,0.5018870758910026,0.7879220706588247,GG,0.0,0.0,0.0,0.256119367515842,0.3844252410134848,0.13979899746947194,92.26205180555556,87.63337625,192.52431718028038,GG,5.456644313691349,5.5003545034605725,88.55063121943323,91.4934561776877,4.963682978386332,6.058828556442123,4.901175183926142,0.10278808392522665,0.40945065110645773,0.3563020448991404,0.43055897894181916,-0.012598084551587105,0.27502982234933143,0.0,1.0,0.0,,
yhdX,117.84587111111111,116.9,7.5197350950818524,1.70906432748538,0.548393539205721,0.13298340797324523,0.11396539718043551,0.15517505518082383,3500439.877769678,476261.86439381307,25727609.64910751,0.5164785218331663,0.3867380582823104,0.6897435041685261,GGM,0.001616346208985589,0.0013638151158229328,0.0019156372714974968,-0.866716520507592,0.7836509098423536,1.6399232201533505,119.21070833333333,117.5206325,6823942.823235124,GGM,15.671545555931363,15.583596131450104,115.2,118.2,13.241731228509494,18.00773301091418,15.369435280177873,-1.0893669241637176,-0.6440661168514663,0.77966376279456,0.8002635316376085,1.4030107872180402,1.8465356064453655,1.0,1.0,1.0,0.28400882308707187,0.007018572353026416
yihS,90.5944761111111,88.80000000000001,5.739600237114014,1.2982456140350878,0.41857321406382436,0.17422816201269448,0.1507191780488143,0.20140404712458237,13795099.641579973,1657833.1373547963,114791271.71071382,1.426974405479168,1.0818316111750097,1.8822300373354648,GGM,0.0024845305570993965,0.00204431465250888,0.0030195410875644667,-1.2564481033456727,0.4042446886097592,1.6330114548098806,91.07503249999999,89.08007583333334,9556974.305862352,GGM,15.784109061341844,15.499410055374192,87.4,89.60000000000001,13.186040102780307,17.808616628089435,15.706268970105349,-1.4655629391668175,-1.0473332675245275,0.37992438853004495,0.4118772070380882,1.3969304084502796,1.830494486651445,1.0,1.0,1.0,0.34367471831359064,0.012957697340697126
tdcE,123.45512972222222,123.30000000000001,18.78355276259021,1.8026315789473684,1.369832693318051,0.053238064845305764,0.04347882081691196,0.06518786607410766,3720.0082978475048,1504.2340457806524,9199.673265520685,3.7455705498427863,0.617862512160483,22.706182148506258,GGM,0.00032967090290901324,0.00014500903158067957,0.0007494905871733614,0.4539996981055373,0.8507364807269029,0.3961048714114039,125.8819123611111,121.05087194444444,994.0870573611594,GGM,6.572512201637302,6.571945437609443,121.30000000000001,125.80000000000001,5.319728261528649,8.127389638090138,6.5367620893690495,0.1618543803036201,0.7461450159074547,0.8223631684191539,0.8788206980491603,0.0873434923219112,0.6987830000844644,0.0,1.0,0.0,0.27148045325599474,0.010951331135459704
hycA,99.39076,100.94072071695874,18.45134244072338,1.475741530949689,1.3456055108620655,0.054196598605905845,0.05077251838308089,0.05785159755692703,9042.153676839831,141.4624043653019,577966.587535553,27.391471136461305,0.3410841942980379,2199.7286991375227,GG,0.0,0.0,0.0,0.4282555192053177,0.5379333381202505,0.13318454320225642,101.09379986111111,99.09351875,330.4155430072541,GG,5.386641124855922,5.460963054659227,99.97176253893025,119.90244519617619,5.135377381345556,6.8823008250659266,5.438194963316105,0.3341010301366585,0.5224100082739773,0.5336123027153536,0.5624442157996095,0.03646123857768666,0.4588818929968504,-1.0,1.0,0.0,0.3626193814747113,0.04205644409384694
yiaW,,,,,,,,,,,,,,,,,,,,,,,,,,,,,,,,,,,,,,,0.0,0.0,0.0,0.2625340468461011,0.005238428838005844
yjgB,135.39623902777777,136.0,5.484391696496507,1.9883040935672514,0.399961559124504,0.18233562723807847,0.14899327066384727,0.22313948014009607,19019231360.6177,294575329.9069967,1227975070631.032,0.41860263384715135,0.24543566483377965,0.7139474419190251,GGM,0.0006319014387309135,0.0004798781341252243,0.0008320850646760269,-1.3220667477010024,0.9839373621075292,2.3136051689528063,136.94514638888887,134.21076555555555,45458943127.89546,GGM,24.68755816880666,24.86279971665136,133.3,137.4,19.96795339998389,29.978739199579167,24.17356248615414,-1.6134160578811647,-1.03071743752084,0.9712500973652416,1.0003478320723151,1.9956055067356828,2.581858744172459,1.0,1.0,1.0,0.23889246965235011,0.007513026107877411
flu,101.35016194444444,102.24127209901539,11.489647676673426,1.4947554400440846,0.8379083137860383,0.08703487070628156,0.07834022248358617,0.09669450096910658,11787.117574139467,6095.469934093886,22793.34361563722,1.4248077052902348,1.0308414584695893,1.969339688828894,GG,0.0,0.0,0.0,-0.2551357059542578,0.5660980911802109,0.835045167436323,103.85627333333333,101.29349180555556,8248.61195933477,GG,8.820998240895419,8.90480710519785,100.86658867875497,103.61048734018802,7.978980636161179,9.857330668332665,8.651462183497927,-0.40697601607935363,-0.10329539582916158,0.5652911798463514,0.6013380604855105,0.6721953844646649,0.9771879619803111,0.0,1.0,1.0,0.2871245614805174,0.01089960170262591
yfiD2,99.90973027777778,101.2,10.204086514120442,1.47953216374269,0.7441558840948727,0.0979999531184097,0.08962056191906476,0.1071628051147877,47767.52766785523,27229.149283941853,83797.57574155829,1.5695471781526278,1.114812137450229,2.2097699349428366,GGM,0.0013347505397297578,0.0011679912193568297,0.0015253188326962935,-0.42632322939556067,0.5454467921747801,0.9914642892039729,100.636775,99.5061075,30502.744764156883,GGM,9.79114888329518,9.9305110091587,100.5,101.9,9.054905587587893,10.822096266208751,9.959106326334105,-0.5552745162748658,-0.29737194251625576,0.5396066805612527,0.5559072926862154,0.8546905381717941,1.1118990140451208,1.0,1.0,1.0,,
yiaG,101.78431111111111,102.7912196822972,17.801762452737236,1.5027956093903099,1.2982334340395836,0.05617421323618651,0.04852881370185894,0.06502409583079662,381.4088138132444,251.06683822514535,579.4181512891514,1.132326427700364,0.6877904123482511,1.8641771037358772,GG,0.0,0.0,0.0,0.37654981619680433,0.572264900722853,0.2110989898834865,104.73467611111111,100.48858194444446,337.2715268742745,GG,5.7176535964539035,5.78148481632762,100.60924568842483,105.15157990621455,4.988892866162729,6.651340015717084,5.45864382807166,0.16548339624034414,0.5876162361532642,0.5537812810456879,0.6134888736048839,-0.005289372027392565,0.4096359626188677,0.0,1.0,0.0,0.21713385307773647,0.004906100637568511
eutQ,123.37214027777779,123.44057347818838,17.294344033975243,1.80468674675714,1.2612288083440517,0.057822372333721984,0.05178311731913352,0.06456596117407176,2038.2923077822586,1340.074157700518,3100.3027019739056,1.438673210329415,0.9096576899977186,2.275340085482855,GG,0.0,0.0,0.0,0.33483002881326274,0.8497663410461634,0.5169184104487012,125.36996069444444,122.33993361111112,1418.6453779840817,GG,7.133669830749846,7.145552755208566,121.73882158554956,125.23948893315125,6.39321802367825,7.938385598177109,6.8919612513473005,0.17568404536636884,0.49397601226015686,0.8376450954303598,0.8729414093189996,0.3525332333608225,0.6648365807403613,0.0,1.0,1.0,0.2913914270670064,0.004932660980986463
ompL2,112.84539736111111,112.4,5.761987267500375,1.6432748538011694,0.42020583844096665,0.17355123390160024,0.14311749808793167,0.21045666107342195,254823023.0983297,10674921.391254323,6082927519.650983,0.6402437743111823,0.38872491797052655,1.054504282062278,GGM,0.0015857586449880751,0.0012866027536021934,0.001954473106103672,-1.2508318875853215,0.7210972734859462,1.9674056929203496,113.78106375,112.75560666666667,395102616.83172894,GGM,19.584457952137218,19.565028385362492,110.2,113.60000000000001,15.85465524729037,23.409553122163885,19.428143161643156,-1.5289934377397834,-0.9726703374308596,0.7199488690540479,0.733010171235244,1.6628255412894837,2.2250164286079985,1.0,1.0,1.0,,
yqjE,106.15820611111111,107.7,10.80066044898134,1.5745614035087718,0.7876623756666599,0.09258693065333005,0.08466466096849087,0.10125050557982938,875227.2158425059,15954.896930218176,48011759.81905571,24.920314866410813,0.23623417038093192,2628.841086112338,GGM,0.0009853642133795877,0.0008192802989261009,0.0011851165398238785,-0.3443507308524257,0.6329655941254584,0.9993007505107352,107.89939777777778,104.64430055555556,35207.96115231598,GGM,9.828862467491364,9.964921971124241,106.80000000000001,120.7,9.090127188365294,12.131151408666767,10.102555560079503,-0.47339937712217983,-0.21530208458267142,0.612243434583349,0.6564365098238281,0.8602914200464661,1.2766355223240824,0.0,1.0,1.0,,
crcA,79.25643875,79.61671442176197,19.185649613809545,1.1639870529497363,1.3991565075954802,0.05212229036436769,0.04743095956640222,0.0572776342216753,57.48037270985888,48.502957894666515,68.11941766602249,0.9418016036601837,0.7546368336613946,1.175386916052505,GG,0.0,0.0,0.0,0.4845573492810565,0.21134974602015516,-0.2654823380701609,80.79897194444445,77.58329666666666,61.034396012670896,GG,4.131027113773223,4.151724094911602,78.2676889599023,81.03137681826098,3.7872279977226357,4.539562858815289,3.768287025824291,0.348485924483541,0.6206287740785723,0.1805676823640704,0.23915853903406928,-0.40286678400160514,-0.14145568197179112,-1.0,1.0,0.0,0.3184941112616852,0.008035357793912417
ydcP,109.9213026388889,107.6499153118952,23.47672486255598,1.573829171226538,1.712092789645787,0.04259537928967862,0.039128905467408846,0.04636895193357247,511.0242985628687,289.3832253524248,902.4221545794024,3.997044984436252,1.858355274160772,8.597047523553794,GG,0.0,0.0,0.0,0.7757608930557557,0.6832207033775537,-0.12148193874104199,111.17054819444445,109.86961305555556,127.6975408931898,GG,4.682139577919024,4.5831261171032045,106.2064477184874,109.19392331071417,4.210479393877497,4.993622699740367,4.494385993578583,0.6532987114835298,0.8982230746279813,0.6825421284084308,0.6995243305039615,-0.25002455656606853,-0.003922240083089493,-1.0,1.0,0.0,0.36805278394268715,0.04448774514143457
xdhB,90.0591775,90.2,10.621687933026495,1.3187134502923976,0.7746104037282838,0.0941469949320065,0.08273328636308258,0.10713531450725035,5886.330949276661,2847.7994580403947,12166.900287372962,1.1038883346546149,0.7649698508518318,1.5929640286209992,GGM,0.00024677059536980554,0.00010455815843643617,0.000582410092620257,-0.36845721667317294,0.3956949040200083,0.7675883250426558,91.14697222222222,89.0280498611111,5328.091298748492,GGM,8.478800927673174,8.503062992581668,89.0,91.30000000000001,7.427924698438522,9.60589491104962,8.214506161947183,-0.5549043724448341,-0.18201006090151184,0.3790815565260075,0.4130163349501453,0.5689501292441954,0.9399109649158635,0.0,1.0,1.0,0.27950720030465664,0.006266994588900169
yagH,109.72848777777779,115.4,9.262979532669311,1.6871345029239766,0.6755235477421276,0.10795662415890389,0.08830147403343339,0.13198684197926375,29320.167447221873,5632.957094755624,152614.72876005006,0.2988873316552212,0.19619382255922266,0.4553335872591611,GGM,3.706191106940455e-05,4.743660359225334e-06,0.00028956231013570416,-0.5659220342650857,0.6806878248816639,1.3204970280246702,118.36519736111111,107.19063875,98280.1929379199,GGM,11.845917114550435,12.492747313521333,112.2,118.7,10.087696167771062,15.144175014938114,11.129079548496984,-0.8558643769410437,-0.27597969158912816,0.6469286139491419,0.7899946482413396,1.0105157630657393,1.5966820231721393,1.0,1.0,1.0,0.18596023141929258,0.05632548678831874
yidH,106.07850763888888,105.10000000000001,6.4200226468130115,1.536549707602339,0.4681945436308411,0.15576269041611776,0.13004743368693808,0.18656281817965795,1853517.5341617547,209520.33633552518,16397106.407577654,0.3133390329262553,0.2240536341073035,0.4382046733869981,GGM,0.0003466327147976121,0.00023732395198674893,0.0005062878734409056,-1.0948199735997524,0.6318820813437682,1.714514412676033,106.11682680555555,106.03986430555555,5920151.140050669,GGM,16.52307374516003,16.403687898264895,103.5,106.30000000000001,13.56755403923594,19.42519035806865,15.227359860058828,-1.35513175208782,-0.8345081951116855,0.6313564263006041,0.632403137779497,1.438079689205228,1.95584777075473,1.0,1.0,1.0,0.22449068741931,0.0052403010225340685
yjfC,105.9418538888889,105.93425834158792,11.718907645045048,1.5487464669822795,0.8546276109240097,0.08533218541258979,0.07875645289839313,0.09245695558029846,3021.2663317199517,1988.6877118009077,4589.986750065641,0.5194894577359339,0.43655319016318567,0.618181937000383,GG,0.0,0.0,0.0,-0.22663216717366838,0.6300223569916046,0.8577331584512751,107.31683819444444,105.28463319444444,5824.7556703470045,GG,9.040249919000164,9.045036638057773,104.94111870512688,106.90556616609572,8.36611022758057,9.745706352150565,8.303607064656727,-0.3423240286688909,-0.11094030567844593,0.6210445804870088,0.64862615229384,0.7405479457246664,0.9607576927521216,0.0,1.0,1.0,0.08250651479750781,0.09812984995246415
fkpA,75.13658902777777,74.9002466720042,17.41919288573802,1.0950328460819327,1.2703336907392757,0.057407941146271534,0.05326941446018412,0.061867991980972585,101.86219368709399,87.61805639385898,118.42201173814537,1.2859578839761596,1.0335304877287597,1.6000376370072178,GG,0.0,0.0,0.0,0.345207513328459,0.13433722575307303,-0.2142333684619986,75.17395805555554,74.63392486111113,79.27626626646997,GG,4.313436880838258,4.302682904277798,73.90871275760041,75.93760039575255,4.000101752112584,4.618096774960945,4.024460587533511,0.23726461980340963,0.4531504068535077,0.12465315904878044,0.13505456879006786,-0.32397236174266947,-0.1167106546326475,0.0,1.0,0.0,0.3250295970827589,0.0077692186171953665
ygcQ%202,111.22137236111112,110.2,5.969405609896231,1.611111111111111,0.43533228604110114,0.16752086645648182,0.13984734627409098,0.20067052715700756,108968828.0446245,8135445.20666276,1459564311.9437664,0.9012069415787654,0.4720533094465844,1.7205132032691624,GGM,0.0006434696407492093,0.00045266716239530816,0.0009146967418067967,-1.199811074568345,0.700183740920497,1.8878670682536047,111.42246930555555,109.42304555555556,121385136.50744647,GGM,18.631900666412335,18.51762568108515,108.5,111.30000000000001,15.252772225461019,21.930605517833165,18.247966086356815,-1.4602990062482664,-0.9393231428884241,0.6766663128446859,0.7027898910947927,1.606990513851635,2.1308646805747222,1.0,1.0,1.0,,
eptA,100.63113444444444,99.52631195339856,16.025688813162173,1.4550630402543647,1.1687092823532332,0.06239981392741652,0.05362407779079156,0.07261172478093124,277.34324689294124,179.9044154503369,427.5563576612311,0.6731295708684408,0.4650145343879574,0.9743854990982094,GG,0.0,0.0,0.0,0.2249161026085257,0.5558264293081195,0.3161655562928499,103.86872,97.35119861111112,412.19413270314385,GG,6.279364064638168,6.2174171322766085,97.35489904820587,101.79351891520903,5.36432460264184,7.163142906867117,5.6584754405828726,0.0062553073784532565,0.4435768978385979,0.5080203441055914,0.601510950073893,0.09938747874722154,0.5165836639466537,0.0,1.0,0.0,0.29538111747423274,0.004316033811861079
cynX,82.05578833333334,80.75148188488409,25.06630513972528,1.1805772205392409,1.82801649480644,0.03989419239994777,0.036828821328883335,0.04321470331704224,70.35080739032986,56.58451795229909,87.466258962275,2.355409060461879,1.681416175183023,3.299570876021824,GG,0.0,0.0,0.0,0.8702790883763365,0.261426709358123,-0.6307866782833407,84.39129111111112,80.76587749999999,29.882047962672196,GG,3.27354940729939,3.2230590671253703,79.50687364725044,82.0219994972793,2.971540465814905,3.486413257279031,3.0778953759708405,0.7549355729870588,0.9856226037656151,0.23856750463874213,0.3019157277297978,-0.752798033192107,-0.5222654730884662,-1.0,1.0,-1.0,0.34850243338890763,0.0058977677199669185
fabR%202,106.0630573611111,103.9,6.512802497554586,1.5190058479532162,0.47496072223577995,0.1535437318075403,0.09165456026307783,0.2572231813639839,1838246.7301549073,2318.8031978470963,1457282379.143947,0.24588764662683626,0.11252429890561247,0.5373126991388725,GGM,0.0020219250661331276,0.001443874450206286,0.002831396436493058,-1.0741198828724852,0.6316719382803873,1.677247306890799,109.12641013888889,100.93390430555556,7471356.842699082,GGM,16.285317634142206,16.225752134714057,90.7,108.0,8.387413481011535,25.096656614080906,15.460074452045298,-1.8184909317233753,-0.3297488340215948,0.5601605629295465,0.6727499937121035,0.744216918912489,2.3254142149021564,1.0,1.0,1.0,,
ascG2,108.88130527777778,106.9,7.835625555790223,1.5628654970760234,0.57143055920161,0.12762222912260512,0.09579202049065892,0.17002912437587614,425510.76030177873,16745.61721840561,10812345.98707955,0.271990395579978,0.1630887780232849,0.4536104579629056,GGM,0.0035486757418262734,0.0031112579216134775,0.004047590986637184,-0.8073499035032988,0.6695059643350713,1.4515435263378917,111.89986444444445,104.52019791666666,1557948.567822272,GGM,13.895674889328872,13.721347695042091,102.7,109.30000000000001,9.90514941264442,17.81950131038049,13.892368498640744,-1.2212521527200213,-0.3934476542865766,0.6105314587556749,0.708957985767384,0.9841696767888822,1.8313759970179835,1.0,1.0,1.0,,
ygfO,115.98870555555555,116.2184870820524,16.02193323420275,1.6991006883340993,1.1684353983385327,0.06241444059105518,0.05717110543911191,0.06813865788275143,2197.1395447431746,1529.8990835528361,3155.3860192292386,1.3928054832022998,1.022359917006362,1.8974796270561531,GG,0.0,0.0,0.0,0.2245779711142624,0.7607340263458706,0.5401933777328163,117.84182527777779,114.03933847222221,1579.558124983762,GG,7.239370172130614,7.258908705569814,114.85348545231889,117.61116423746364,6.64685646865347,7.887917943939048,6.999300435302342,0.09798429851109391,0.3511716437174308,0.7362812726548906,0.783601379011714,0.40866314027157224,0.655635483200969,0.0,1.0,1.0,0.27637909831416335,0.0034593708353358246
paaC,110.25839194444444,108.0,5.4910167377250065,1.5789473684210524,0.4004447051078055,0.1821156350024735,0.13922233157000702,0.23822402726876327,39284903.606014304,719808.2570535508,2144048274.2600958,0.29111403647034767,0.17006306857965708,0.49832913717162214,GGM,6.178939116089972e-05,1.5419927456770457e-05,0.0002475970701378577,-1.320325051190266,0.6876381629470099,1.9792881333551988,112.20720986111112,107.24120277777777,138515228.52343047,GGM,20.079777063314108,19.78632106699524,104.60000000000001,110.2,14.78128252803431,25.378232470287656,18.379977920618778,-1.70778919593914,-0.9328609064413924,0.6476090023928981,0.7129150762592832,1.5616904875782145,2.3415106269112003,1.0,1.0,1.0,0.3413979912471286,0.012928750605449651
yhbP,93.02109861111111,92.5083431490821,11.807013875859965,1.352461157150323,0.8610529553186905,0.08469542007099275,0.07643724197237504,0.0938458007628586,3084.0090655297927,1869.6259965706981,5087.173548996109,1.1541075428192318,0.8090028025265754,1.6464272017753492,GG,0.0,0.0,0.0,-0.2158261278502136,0.4423795809330878,0.6514132881194501,93.62824166666667,91.19780847222222,2671.3017240242734,GG,7.878461022333296,7.84072519111244,91.25140423854339,93.78385654586441,7.059287717642825,8.657723335008999,7.5243481752226495,-0.363834361798657,-0.06781789390177018,0.4138207583879121,0.451765366743757,0.4955135622710059,0.7899786381338065,0.0,1.0,1.0,,
idnD,83.23629013888888,83.9,9.658416168405912,1.226608187134503,0.7043616508749132,0.10353664436940975,0.08729867362331808,0.12279495532237139,5702.859512502469,2094.259998396748,15529.402578589787,0.8927124060754513,0.6076231758085675,1.3115619543321977,GGM,0.0005612026446734766,0.0003271420072941734,0.00096272689341695,-0.505611731429028,0.2820342674936422,0.8002862169829537,84.23418375,81.83756805555555,6449.631055889413,GGM,8.618006170739145,8.722830333353341,82.4,85.30000000000001,7.294240539909463,10.188674706387925,8.405488948365509,-0.7517215581652379,-0.2595019046928182,0.2575848757957096,0.299227426018177,0.5427487151727319,1.024885439196763,1.0,1.0,1.0,0.2379793500931471,0.003956627343268177
nsrR,124.16579597222223,124.30000000000001,13.572197077535117,1.817251461988304,0.9897828974075062,0.0736800382640489,0.05873621215306585,0.09242591307121505,61975.24139759379,19816.282146756486,193827.0013438774,4.357513933250962,0.5466521105153417,34.734938936897024,GGM,0.0005317674916659981,0.00028726058292729526,0.0009843907657331376,-0.014815980989727747,0.8590175053351667,0.8765740471563148,127.21201444444443,122.41275236111112,14265.292845916847,GGM,9.148540598319423,9.184839528296028,121.30000000000001,126.7,7.152684421191358,11.564033395729652,9.199172999945686,-0.34183956112834624,0.31220759914889085,0.8385035558978409,0.8939846284546006,0.5144757301530788,1.2075637145817442,0.0,1.0,1.0,0.24061086637042625,0.0028056665826995055
sgcQ,111.20706722222222,111.0,5.94056730408127,1.6228070175438596,0.4332291879411551,0.16833409147860057,0.13414124312629339,0.21124275944906293,38047861.53638361,1336636.3176685334,1083046860.5079553,0.43807446833714575,0.25969631413940614,0.7389756009623425,GGM,0.00019225354984300175,8.625120358461645e-05,0.0004285323090126468,-1.2067976500034214,0.6999981715481508,1.9052890963549918,112.02123750000001,109.70336083333333,86686681.33398926,GGM,18.719940626852438,18.756142754759306,108.30000000000001,112.7,14.685708567752235,23.079229611430307,17.911297908179588,-1.5343721576841007,-0.8792231423227417,0.6803574214463323,0.7105219680895116,1.552331909934754,2.204514101678202,1.0,1.0,1.0,0.3043998987995983,0.0052596875238675985
mtlD,116.6388648611111,115.96725313084914,7.571178434067742,1.6954276773515955,0.5521451600245824,0.13207983522093975,0.10927910850706911,0.1596378586018762,1885948.7281750052,209563.1029678997,16972465.8345498,0.5568659792023756,0.3540566418683912,0.8758477659297514,GG,0.0,0.0,0.0,-0.8568804907163264,0.768798281554271,1.6185297346776677,118.08719916666666,114.5106336111111,3386916.8168464997,GG,15.405642051213013,15.355579149095028,113.77767539255284,117.72923864807697,12.593325183924275,18.288122743856142,14.668918077340233,-1.130273096853604,-0.5834878845790481,0.7422312722741133,0.7866022799914387,1.3305783017011357,1.868826025885853,1.0,1.0,1.0,,
ssuA,112.92861430555556,113.2,11.031047686001216,1.654970760233918,0.8044638813978642,0.09065322066090195,0.07947951513003344,0.10339779253495707,22950.077099373157,9218.776682926216,57134.04901570797,0.8085996846569323,0.5842189199443367,1.1191582944448057,GGM,0.0002891872876619506,0.00018464925890814574,0.0004529088707952923,-0.31390044621699503,0.7221607854253271,1.0407061741629793,115.51787972222222,111.99419305555556,28389.055767388993,GGM,10.237342591571416,10.277667193731572,111.80000000000001,114.5,8.988925283602079,11.634213613910706,9.887296886407508,-0.5036756507452749,-0.12412524168871464,0.7101736270312514,0.75486586470754,0.8441395767594306,1.2162927329059314,0.0,1.0,1.0,0.3156607163580246,0.002438331401942394
yeeW,89.3465901388889,91.54341345321032,17.129961195182183,1.338353997853952,1.249240821319167,0.0583772484132218,0.052869733563587845,0.06445848886679617,357.78056035587116,281.34064561319906,454.9891079177781,1.5101509058270373,0.9694843056202064,2.352339016887216,GG,0.0,0.0,0.0,0.3210516180450101,0.3842342729389669,0.09940814472082764,91.34360694444445,88.34364583333334,237.12678920470086,GG,5.21580808741223,5.34591832576713,90.38114729960928,92.82340998762498,4.86170579391989,5.872595897131326,5.1081476858718275,0.1780874627116762,0.4640157733783439,0.3679479740982881,0.4161253617251121,-0.042546469261544526,0.22998930646719828,0.0,1.0,0.0,0.26989764248130926,0.006443441524013629
rarD%202,109.35282333333333,109.0,5.777855465676896,1.593567251461988,0.4213630623655875,0.1730745959189283,0.1416786576108921,0.21142786258441662,253128614.4847412,13959860.40157992,4589880817.412264,1.248044937042724,0.5353449371738292,2.909556169711587,GGM,0.0006953898256663748,0.0004728151222789438,0.0010227401511811718,-1.2468642450835201,0.6757401663208127,1.9191241498619107,110.80455333333333,108.35092222222222,203608876.0546189,GGM,18.92619571101062,18.922672316368505,106.80000000000001,110.10000000000001,15.225866571531654,22.77363020382787,18.765198523747475,-1.5356357770537898,-0.95809271311325,0.6624611300276715,0.694766864950672,1.6044433749300189,2.1852833152119255,1.0,1.0,1.0,,
cstA,79.69762361111111,79.72105273064938,24.741116561896895,1.165512466822359,1.8043013887754817,0.0404185477037068,0.038057619089295336,0.04292593802685701,2473.7099190059143,12.559484904500545,487220.67902605544,72.64444629772561,0.3317513471083682,15907.141369283758,GG,0.0,0.0,0.0,0.8514403451201493,0.2193583094534388,-0.6304759088845151,83.56209277777776,77.65782055555556,34.077984088245486,GG,3.221262201797764,3.2202583440204,78.31763110319599,108.21408321767584,3.0091397999607956,4.558251513135024,3.20360211698606,0.764608169015411,0.9382725212248881,0.18195282123849454,0.2876702267995397,-0.7346579269941499,-0.13552852942070953,-1.0,1.0,0.0,0.3110999000811739,0.009601673725192255
yigL,104.59755319444443,105.4,10.704045910697584,1.54093567251462,0.7806165438762809,0.09342261873153998,0.07755475260888543,0.1125370837642095,19467.759523046167,5335.375333297139,71034.11422284051,0.8481764241930891,0.5504677530966748,1.3068944411547232,GGM,0.0010217492347932887,0.0007626904209446464,0.001368801115277727,-0.35731405625173945,0.6115988007688125,0.9811206930030563,107.63270027777777,102.06062180555554,22983.221180106848,GGM,9.771777332336553,9.876045056639295,103.4,107.0,8.100948917041523,11.709288195541117,9.676069563890556,-0.6258707488535831,-0.08875736364989573,0.5761760336321715,0.6528661519930096,0.6940818495928336,1.225572411758192,0.0,1.0,1.0,0.2989191453644078,0.007545013840687948
hslR,,,,,,,,,,,,,,,,,,,,,,,,,,,,,,,,,,,,,,,0.0,0.0,0.0,,
fsr,107.95182958333334,108.4,9.945324921013047,1.5847953216374269,0.725285114837657,0.10054975658835875,0.0931420924065358,0.10854655815385952,16021.663278008824,9224.52597709912,27827.30460417871,0.4665555214873133,0.39695264948389103,0.5483627705050307,GGM,1.828746575189557e-05,3.532575593535075e-06,9.467069982558687e-05,-0.463379854376848,0.6571373917068952,1.1276763808448216,109.32307125,106.58986555555555,34251.54812669518,GGM,10.854530187872152,10.906304921659245,107.60000000000001,109.30000000000001,10.104697830273842,11.726085921514068,10.07501624255862,-0.5737842462313352,-0.3529754625223607,0.6388199719305556,0.6753475927961655,1.012945214469899,1.2276405673582238,1.0,1.0,1.0,,
yafX,75.29755944444446,76.42809816901602,10.516669206947686,1.1173698562721641,0.7669516777028283,0.09508714026484397,0.08119254447088944,0.11135953802984767,242.01374119836046,130.80610657406467,447.7669465352008,0.35705620526255893,0.2813879561961831,0.4530724606692599,GG,0.0,0.0,0.0,-0.38279241224995775,0.13742470705764445,0.5428992180257053,78.96538236111111,73.42529416666667,677.4703464332586,GG,7.159829596494317,7.277574069096701,74.31866595947471,78.53496886985829,6.234063670188258,8.406802820082268,6.153980130254421,-0.6106953965715354,-0.15488942792838012,0.10109874273423633,0.20604193095943726,0.3161638290825131,0.747548174774695,0.0,1.0,1.0,0.2297820022917815,0.0029880575307107407
yafV,113.48501486111111,111.16641554321879,21.516533783790173,1.625239993321912,1.56914146096043,0.04647588733615477,0.040802506086266815,0.05293812343575534,608.1004667958852,323.8074559686372,1141.994018053709,2.7604472111619174,1.104876033702559,6.8967635944422945,GG,0.0,0.0,0.0,0.6499754197543832,0.7292515064309004,0.050677351685363574,115.92133777777778,110.93721611111111,220.30905840333605,GG,5.27431676502685,5.167290156104729,109.00266836165062,113.51080860547003,4.532117145276439,5.888709663407169,5.035045607878791,0.4621507749564615,0.8378000645523049,0.696493124779168,0.759895846504648,-0.14382390845368714,0.23394248413479943,-1.0,1.0,0.0,0.27534250356671214,0.010996573858459082
uxaC,,,,,,,,,,,,,,,,,,,,,,,,,,,,,,,,,,,,,,,0.0,0.0,0.0,0.33680217308149946,0.0073229307588124565
yigZ,128.3121213888889,128.8,7.6345152508133225,1.8830409356725146,0.5567641393713215,0.13098408571434417,0.11026259792121593,0.15559973221999937,12360858.25523661,1107157.6299590722,138002767.33106127,0.5385143382407847,0.3664965884022657,0.7912698280634731,GGM,0.0010798526193369963,0.0008442813719462901,0.001381152916830141,-0.8448618032719363,0.9064071625074525,1.7579261665006554,129.42447180555556,127.21651513888888,23142538.088076778,GGM,16.80684590619156,16.930317884812716,126.7,130.4,14.060283384233442,19.829213387577344,16.59067009948651,-1.093309842731116,-0.5964137638127562,0.8940356693466489,0.9188601275590926,1.48954470643659,1.9855464821914663,1.0,1.0,1.0,,
